-- ==============================================
-- O(NlogN) v1 더미 데이터 (프로토타입 screen 기반)
-- ==============================================

-- ── users ──
INSERT INTO users (id, profile_slug, email, display_name, avatar_url, bio, visibility, timezone, github_id, created_at, updated_at) VALUES
(UUID_TO_BIN('11111111-1111-1111-1111-111111111111'), 'arivera_dev', 'alex@example.com', '알렉스 리베라', 'https://cdn.onlogn.com/avatars/alex.png', '크리에이터와 디지털 가드너를 위한 미니멀한 도구를 만듭니다. 복잡한 세상 속 단순함을 하나씩 큐레이션합니다.', 'public', 'Asia/Seoul', 'gh_alex_001', '2024-01-15 09:00:00', '2024-03-13 08:00:00'),
(UUID_TO_BIN('22222222-2222-2222-2222-222222222222'), 'jpark_dev', 'jpark@example.com', '박지현', 'https://cdn.onlogn.com/avatars/jpark.png', '풀스택 개발자. 커피와 코드를 좋아합니다.', 'public', 'Asia/Seoul', 'gh_jpark_002', '2024-02-01 10:00:00', '2024-03-13 08:00:00'),
(UUID_TO_BIN('33333333-3333-3333-3333-333333333333'), 'mkim_design', 'mkim@example.com', '김민수', NULL, NULL, 'public', 'UTC', 'gh_mkim_003', '2024-02-20 11:00:00', '2024-03-13 08:00:00');

-- ── groups (알렉스) ──
INSERT INTO `groups` (id, owner_user_id, visibility, description, color, icon, created_at, updated_at) VALUES
(UUID_TO_BIN('aaaa0001-0001-0001-0001-000000000001'), UUID_TO_BIN('11111111-1111-1111-1111-111111111111'), 'public', 'MORNING TASKS', '#6ee7b7', 'sun', '2024-01-20 09:00:00', '2024-01-20 09:00:00'),
(UUID_TO_BIN('aaaa0002-0002-0002-0002-000000000002'), UUID_TO_BIN('11111111-1111-1111-1111-111111111111'), 'public', 'WORK FOCUS', '#3b82f6', 'briefcase', '2024-01-20 09:05:00', '2024-01-20 09:05:00'),
(UUID_TO_BIN('aaaa0003-0003-0003-0003-000000000003'), UUID_TO_BIN('11111111-1111-1111-1111-111111111111'), 'private', 'PERSONAL ERRANDS', '#f59e0b', 'cart', '2024-01-20 09:10:00', '2024-01-20 09:10:00');

-- ── groups (박지현) ──
INSERT INTO `groups` (id, owner_user_id, visibility, description, color, icon, created_at, updated_at) VALUES
(UUID_TO_BIN('bbbb0001-0001-0001-0001-000000000001'), UUID_TO_BIN('22222222-2222-2222-2222-222222222222'), 'public', '개발', '#0ea5e9', 'code', '2024-02-05 10:00:00', '2024-02-05 10:00:00'),
(UUID_TO_BIN('bbbb0002-0002-0002-0002-000000000002'), UUID_TO_BIN('22222222-2222-2222-2222-222222222222'), 'private', '개인', '#a78bfa', 'home', '2024-02-05 10:05:00', '2024-02-05 10:05:00');

-- ── tasks (알렉스 - MORNING TASKS, 3월 13일 기준) ──
INSERT INTO tasks (id, owner_user_id, group_id, title, status, visibility, created_at, updated_at, due_date, start_time, end_time) VALUES
(UUID_TO_BIN('cccc0001-0001-0001-0001-000000000001'), UUID_TO_BIN('11111111-1111-1111-1111-111111111111'), UUID_TO_BIN('aaaa0001-0001-0001-0001-000000000001'), '모닝 요가 20분', 'done', 'public', '2024-03-13 06:00:00', '2024-03-13 06:25:00', '2024-03-13', '2024-03-13 06:00:00', '2024-03-13 06:20:00'),
(UUID_TO_BIN('cccc0002-0002-0002-0002-000000000002'), UUID_TO_BIN('11111111-1111-1111-1111-111111111111'), UUID_TO_BIN('aaaa0001-0001-0001-0001-000000000001'), '데일리 플래닝 & 메일 확인', 'done', 'public', '2024-03-13 06:30:00', '2024-03-13 07:00:00', '2024-03-13', '2024-03-13 06:30:00', '2024-03-13 07:00:00'),
(UUID_TO_BIN('cccc0003-0003-0003-0003-000000000003'), UUID_TO_BIN('11111111-1111-1111-1111-111111111111'), UUID_TO_BIN('aaaa0001-0001-0001-0001-000000000001'), '비타민 & 영양제 섭취', 'todo', 'public', '2024-03-13 07:00:00', '2024-03-13 07:00:00', '2024-03-13', NULL, NULL);

-- ── tasks (알렉스 - WORK FOCUS, 3월 13일 기준) ──
INSERT INTO tasks (id, owner_user_id, group_id, title, status, visibility, created_at, updated_at, due_date, start_time, end_time) VALUES
(UUID_TO_BIN('cccc0004-0004-0004-0004-000000000004'), UUID_TO_BIN('11111111-1111-1111-1111-111111111111'), UUID_TO_BIN('aaaa0002-0002-0002-0002-000000000002'), '프로토타입 피드백 반영', 'done', 'public', '2024-03-13 09:00:00', '2024-03-13 11:00:00', '2024-03-13', '2024-03-13 09:00:00', '2024-03-13 11:00:00'),
(UUID_TO_BIN('cccc0005-0005-0005-0005-000000000005'), UUID_TO_BIN('11111111-1111-1111-1111-111111111111'), UUID_TO_BIN('aaaa0002-0002-0002-0002-000000000002'), '팀 정기 주간 회의', 'todo', 'public', '2024-03-13 09:05:00', '2024-03-13 09:05:00', '2024-03-13', '2024-03-13 14:00:00', '2024-03-13 15:00:00'),
(UUID_TO_BIN('cccc0006-0006-0006-0006-000000000006'), UUID_TO_BIN('11111111-1111-1111-1111-111111111111'), UUID_TO_BIN('aaaa0002-0002-0002-0002-000000000002'), '시장 조사 자료 정리', 'todo', 'public', '2024-03-13 09:10:00', '2024-03-13 09:10:00', '2024-03-13', NULL, NULL),
(UUID_TO_BIN('cccc0007-0007-0007-0007-000000000007'), UUID_TO_BIN('11111111-1111-1111-1111-111111111111'), UUID_TO_BIN('aaaa0002-0002-0002-0002-000000000002'), '백엔드 API 연동 문서 검토', 'todo', 'public', '2024-03-13 09:15:00', '2024-03-13 09:15:00', '2024-03-13', NULL, NULL),
(UUID_TO_BIN('cccc0008-0008-0008-0008-000000000008'), UUID_TO_BIN('11111111-1111-1111-1111-111111111111'), UUID_TO_BIN('aaaa0002-0002-0002-0002-000000000002'), 'CI/CD 파이프라인 설정', 'in_progress', 'public', '2024-03-12 10:00:00', '2024-03-13 09:00:00', '2024-03-14', NULL, NULL);

-- ── tasks (알렉스 - PERSONAL ERRANDS) ──
INSERT INTO tasks (id, owner_user_id, group_id, title, status, visibility, created_at, updated_at, due_date, start_time, end_time) VALUES
(UUID_TO_BIN('cccc0009-0009-0009-0009-000000000009'), UUID_TO_BIN('11111111-1111-1111-1111-111111111111'), UUID_TO_BIN('aaaa0003-0003-0003-0003-000000000003'), '헬스장 확인 결제 연장', 'done', 'private', '2024-03-13 12:00:00', '2024-03-13 12:30:00', '2024-03-13', NULL, NULL),
(UUID_TO_BIN('cccc0010-0010-0010-0010-000000000010'), UUID_TO_BIN('11111111-1111-1111-1111-111111111111'), UUID_TO_BIN('aaaa0003-0003-0003-0003-000000000003'), '저녁 식사 식재료 구매 (방울토마토, 닭가슴살)', 'todo', 'private', '2024-03-13 12:05:00', '2024-03-13 12:05:00', '2024-03-13', NULL, NULL);

-- ── tasks (알렉스 - 과거 날짜, 캘린더 히트맵용) ──
INSERT INTO tasks (id, owner_user_id, group_id, title, status, visibility, created_at, updated_at, due_date, start_time, end_time) VALUES
(UUID_TO_BIN('cccc0011-0011-0011-0011-000000000011'), UUID_TO_BIN('11111111-1111-1111-1111-111111111111'), UUID_TO_BIN('aaaa0002-0002-0002-0002-000000000002'), '디자인 시스템 리뷰', 'done', 'public', '2024-03-11 09:00:00', '2024-03-11 11:00:00', '2024-03-11', NULL, NULL),
(UUID_TO_BIN('cccc0012-0012-0012-0012-000000000012'), UUID_TO_BIN('11111111-1111-1111-1111-111111111111'), UUID_TO_BIN('aaaa0001-0001-0001-0001-000000000001'), '조깅 30분', 'done', 'public', '2024-03-11 06:00:00', '2024-03-11 06:35:00', '2024-03-11', NULL, NULL),
(UUID_TO_BIN('cccc0013-0013-0013-0013-000000000013'), UUID_TO_BIN('11111111-1111-1111-1111-111111111111'), UUID_TO_BIN('aaaa0002-0002-0002-0002-000000000002'), 'API 스펙 초안 작성', 'done', 'public', '2024-03-12 09:00:00', '2024-03-12 12:00:00', '2024-03-12', NULL, NULL),
(UUID_TO_BIN('cccc0014-0014-0014-0014-000000000014'), UUID_TO_BIN('11111111-1111-1111-1111-111111111111'), UUID_TO_BIN('aaaa0002-0002-0002-0002-000000000002'), '프론트엔드 컴포넌트 구현', 'done', 'public', '2024-03-12 13:00:00', '2024-03-12 17:00:00', '2024-03-12', NULL, NULL),
(UUID_TO_BIN('cccc0015-0015-0015-0015-000000000015'), UUID_TO_BIN('11111111-1111-1111-1111-111111111111'), UUID_TO_BIN('aaaa0001-0001-0001-0001-000000000001'), '명상 10분', 'done', 'public', '2024-03-10 06:00:00', '2024-03-10 06:15:00', '2024-03-10', NULL, NULL),
(UUID_TO_BIN('cccc0016-0016-0016-0016-000000000016'), UUID_TO_BIN('11111111-1111-1111-1111-111111111111'), UUID_TO_BIN('aaaa0002-0002-0002-0002-000000000002'), '코드 리뷰', 'done', 'public', '2024-03-10 10:00:00', '2024-03-10 11:00:00', '2024-03-10', NULL, NULL);

-- ── tasks (알렉스 - 최근 한 달 더미데이터, 2026-01-22 ~ 2026-02-21, 하루 3건) ──
-- 그룹1: MORNING TASKS (aaaa0001), 그룹2: WORK FOCUS (aaaa0002)

-- 01-22 (목)
INSERT INTO tasks (id, owner_user_id, group_id, title, status, visibility, created_at, updated_at, due_date, start_time, end_time) VALUES
(UUID_TO_BIN('cccc0017-0017-0017-0017-000000000017'), UUID_TO_BIN('11111111-1111-1111-1111-111111111111'), UUID_TO_BIN('aaaa0001-0001-0001-0001-000000000001'), '모닝 스트레칭 15분', 'done', 'public', '2026-01-22 06:00:00', '2026-01-22 06:20:00', '2026-01-22', '2026-01-22 06:00:00', '2026-01-22 06:15:00'),
(UUID_TO_BIN('cccc0018-0018-0018-0018-000000000018'), UUID_TO_BIN('11111111-1111-1111-1111-111111111111'), UUID_TO_BIN('aaaa0002-0002-0002-0002-000000000002'), 'ERD 다이어그램 작성', 'done', 'public', '2026-01-22 09:00:00', '2026-01-22 11:30:00', '2026-01-22', '2026-01-22 09:00:00', '2026-01-22 11:30:00'),
(UUID_TO_BIN('cccc0019-0019-0019-0019-000000000019'), UUID_TO_BIN('11111111-1111-1111-1111-111111111111'), UUID_TO_BIN('aaaa0002-0002-0002-0002-000000000002'), '기술 블로그 글 초안', 'done', 'public', '2026-01-22 14:00:00', '2026-01-22 16:00:00', '2026-01-22', '2026-01-22 14:00:00', '2026-01-22 16:00:00');

-- 01-23 (금)
INSERT INTO tasks (id, owner_user_id, group_id, title, status, visibility, created_at, updated_at, due_date, start_time, end_time) VALUES
(UUID_TO_BIN('cccc0020-0020-0020-0020-000000000020'), UUID_TO_BIN('11111111-1111-1111-1111-111111111111'), UUID_TO_BIN('aaaa0001-0001-0001-0001-000000000001'), '조깅 25분', 'done', 'public', '2026-01-23 06:00:00', '2026-01-23 06:30:00', '2026-01-23', '2026-01-23 06:00:00', '2026-01-23 06:25:00'),
(UUID_TO_BIN('cccc0021-0021-0021-0021-000000000021'), UUID_TO_BIN('11111111-1111-1111-1111-111111111111'), UUID_TO_BIN('aaaa0002-0002-0002-0002-000000000002'), 'REST API 엔드포인트 설계', 'done', 'public', '2026-01-23 09:00:00', '2026-01-23 12:00:00', '2026-01-23', '2026-01-23 09:00:00', '2026-01-23 12:00:00'),
(UUID_TO_BIN('cccc0022-0022-0022-0022-000000000022'), UUID_TO_BIN('11111111-1111-1111-1111-111111111111'), UUID_TO_BIN('aaaa0002-0002-0002-0002-000000000002'), '코드 리뷰 PR #42', 'done', 'public', '2026-01-23 13:00:00', '2026-01-23 14:30:00', '2026-01-23', '2026-01-23 13:00:00', '2026-01-23 14:30:00');

-- 01-24 (토)
INSERT INTO tasks (id, owner_user_id, group_id, title, status, visibility, created_at, updated_at, due_date, start_time, end_time) VALUES
(UUID_TO_BIN('cccc0023-0023-0023-0023-000000000023'), UUID_TO_BIN('11111111-1111-1111-1111-111111111111'), UUID_TO_BIN('aaaa0001-0001-0001-0001-000000000001'), '명상 20분', 'done', 'public', '2026-01-24 07:00:00', '2026-01-24 07:25:00', '2026-01-24', '2026-01-24 07:00:00', '2026-01-24 07:20:00'),
(UUID_TO_BIN('cccc0024-0024-0024-0024-000000000024'), UUID_TO_BIN('11111111-1111-1111-1111-111111111111'), UUID_TO_BIN('aaaa0002-0002-0002-0002-000000000002'), '사이드 프로젝트 리서치', 'done', 'public', '2026-01-24 10:00:00', '2026-01-24 12:00:00', '2026-01-24', '2026-01-24 10:00:00', '2026-01-24 12:00:00'),
(UUID_TO_BIN('cccc0025-0025-0025-0025-000000000025'), UUID_TO_BIN('11111111-1111-1111-1111-111111111111'), UUID_TO_BIN('aaaa0002-0002-0002-0002-000000000002'), 'Kotlin 코루틴 학습 정리', 'done', 'public', '2026-01-24 14:00:00', '2026-01-24 16:00:00', '2026-01-24', '2026-01-24 14:00:00', '2026-01-24 16:00:00');

-- 01-25 (일)
INSERT INTO tasks (id, owner_user_id, group_id, title, status, visibility, created_at, updated_at, due_date, start_time, end_time) VALUES
(UUID_TO_BIN('cccc0026-0026-0026-0026-000000000026'), UUID_TO_BIN('11111111-1111-1111-1111-111111111111'), UUID_TO_BIN('aaaa0001-0001-0001-0001-000000000001'), '홈트레이닝 30분', 'done', 'public', '2026-01-25 08:00:00', '2026-01-25 08:35:00', '2026-01-25', '2026-01-25 08:00:00', '2026-01-25 08:30:00'),
(UUID_TO_BIN('cccc0027-0027-0027-0027-000000000027'), UUID_TO_BIN('11111111-1111-1111-1111-111111111111'), UUID_TO_BIN('aaaa0002-0002-0002-0002-000000000002'), '주간 회고 작성', 'done', 'public', '2026-01-25 10:00:00', '2026-01-25 11:00:00', '2026-01-25', '2026-01-25 10:00:00', '2026-01-25 11:00:00'),
(UUID_TO_BIN('cccc0028-0028-0028-0028-000000000028'), UUID_TO_BIN('11111111-1111-1111-1111-111111111111'), UUID_TO_BIN('aaaa0002-0002-0002-0002-000000000002'), '다음주 스프린트 계획', 'done', 'public', '2026-01-25 11:00:00', '2026-01-25 12:30:00', '2026-01-25', '2026-01-25 11:00:00', '2026-01-25 12:30:00');

-- 01-26 (월)
INSERT INTO tasks (id, owner_user_id, group_id, title, status, visibility, created_at, updated_at, due_date, start_time, end_time) VALUES
(UUID_TO_BIN('cccc0029-0029-0029-0029-000000000029'), UUID_TO_BIN('11111111-1111-1111-1111-111111111111'), UUID_TO_BIN('aaaa0001-0001-0001-0001-000000000001'), '모닝 요가 20분', 'done', 'public', '2026-01-26 06:00:00', '2026-01-26 06:25:00', '2026-01-26', '2026-01-26 06:00:00', '2026-01-26 06:20:00'),
(UUID_TO_BIN('cccc0030-0030-0030-0030-000000000030'), UUID_TO_BIN('11111111-1111-1111-1111-111111111111'), UUID_TO_BIN('aaaa0002-0002-0002-0002-000000000002'), 'Spring Boot 프로젝트 초기 설정', 'done', 'public', '2026-01-26 09:00:00', '2026-01-26 12:00:00', '2026-01-26', '2026-01-26 09:00:00', '2026-01-26 12:00:00'),
(UUID_TO_BIN('cccc0031-0031-0031-0031-000000000031'), UUID_TO_BIN('11111111-1111-1111-1111-111111111111'), UUID_TO_BIN('aaaa0002-0002-0002-0002-000000000002'), '팀 스탠드업 미팅', 'done', 'public', '2026-01-26 14:00:00', '2026-01-26 14:30:00', '2026-01-26', '2026-01-26 14:00:00', '2026-01-26 14:30:00');

-- 01-27 (화)
INSERT INTO tasks (id, owner_user_id, group_id, title, status, visibility, created_at, updated_at, due_date, start_time, end_time) VALUES
(UUID_TO_BIN('cccc0032-0032-0032-0032-000000000032'), UUID_TO_BIN('11111111-1111-1111-1111-111111111111'), UUID_TO_BIN('aaaa0001-0001-0001-0001-000000000001'), '달리기 3km', 'done', 'public', '2026-01-27 06:00:00', '2026-01-27 06:30:00', '2026-01-27', '2026-01-27 06:00:00', '2026-01-27 06:25:00'),
(UUID_TO_BIN('cccc0033-0033-0033-0033-000000000033'), UUID_TO_BIN('11111111-1111-1111-1111-111111111111'), UUID_TO_BIN('aaaa0002-0002-0002-0002-000000000002'), 'JPA 엔티티 모델링', 'done', 'public', '2026-01-27 09:00:00', '2026-01-27 12:00:00', '2026-01-27', '2026-01-27 09:00:00', '2026-01-27 12:00:00'),
(UUID_TO_BIN('cccc0034-0034-0034-0034-000000000034'), UUID_TO_BIN('11111111-1111-1111-1111-111111111111'), UUID_TO_BIN('aaaa0002-0002-0002-0002-000000000002'), 'Swagger 문서 설정', 'done', 'public', '2026-01-27 13:00:00', '2026-01-27 15:00:00', '2026-01-27', '2026-01-27 13:00:00', '2026-01-27 15:00:00');

-- 01-28 (수)
INSERT INTO tasks (id, owner_user_id, group_id, title, status, visibility, created_at, updated_at, due_date, start_time, end_time) VALUES
(UUID_TO_BIN('cccc0035-0035-0035-0035-000000000035'), UUID_TO_BIN('11111111-1111-1111-1111-111111111111'), UUID_TO_BIN('aaaa0001-0001-0001-0001-000000000001'), '비타민 & 영양제 섭취', 'done', 'public', '2026-01-28 07:00:00', '2026-01-28 07:05:00', '2026-01-28', NULL, NULL),
(UUID_TO_BIN('cccc0036-0036-0036-0036-000000000036'), UUID_TO_BIN('11111111-1111-1111-1111-111111111111'), UUID_TO_BIN('aaaa0002-0002-0002-0002-000000000002'), 'GitHub Actions CI 파이프라인', 'done', 'public', '2026-01-28 09:00:00', '2026-01-28 11:00:00', '2026-01-28', '2026-01-28 09:00:00', '2026-01-28 11:00:00'),
(UUID_TO_BIN('cccc0037-0037-0037-0037-000000000037'), UUID_TO_BIN('11111111-1111-1111-1111-111111111111'), UUID_TO_BIN('aaaa0002-0002-0002-0002-000000000002'), 'Docker 컨테이너화 설정', 'done', 'public', '2026-01-28 13:00:00', '2026-01-28 16:00:00', '2026-01-28', '2026-01-28 13:00:00', '2026-01-28 16:00:00');

-- 01-29 (목)
INSERT INTO tasks (id, owner_user_id, group_id, title, status, visibility, created_at, updated_at, due_date, start_time, end_time) VALUES
(UUID_TO_BIN('cccc0038-0038-0038-0038-000000000038'), UUID_TO_BIN('11111111-1111-1111-1111-111111111111'), UUID_TO_BIN('aaaa0001-0001-0001-0001-000000000001'), '아침 산책 20분', 'done', 'public', '2026-01-29 06:30:00', '2026-01-29 06:55:00', '2026-01-29', '2026-01-29 06:30:00', '2026-01-29 06:50:00'),
(UUID_TO_BIN('cccc0039-0039-0039-0039-000000000039'), UUID_TO_BIN('11111111-1111-1111-1111-111111111111'), UUID_TO_BIN('aaaa0002-0002-0002-0002-000000000002'), '인증 모듈 개발 (JWT)', 'done', 'public', '2026-01-29 09:00:00', '2026-01-29 12:00:00', '2026-01-29', '2026-01-29 09:00:00', '2026-01-29 12:00:00'),
(UUID_TO_BIN('cccc0040-0040-0040-0040-000000000040'), UUID_TO_BIN('11111111-1111-1111-1111-111111111111'), UUID_TO_BIN('aaaa0002-0002-0002-0002-000000000002'), '유닛 테스트 작성 (UserService)', 'done', 'public', '2026-01-29 14:00:00', '2026-01-29 16:00:00', '2026-01-29', '2026-01-29 14:00:00', '2026-01-29 16:00:00');

-- 01-30 (금)
INSERT INTO tasks (id, owner_user_id, group_id, title, status, visibility, created_at, updated_at, due_date, start_time, end_time) VALUES
(UUID_TO_BIN('cccc0041-0041-0041-0041-000000000041'), UUID_TO_BIN('11111111-1111-1111-1111-111111111111'), UUID_TO_BIN('aaaa0001-0001-0001-0001-000000000001'), '모닝 스트레칭 15분', 'done', 'public', '2026-01-30 06:00:00', '2026-01-30 06:20:00', '2026-01-30', '2026-01-30 06:00:00', '2026-01-30 06:15:00'),
(UUID_TO_BIN('cccc0042-0042-0042-0042-000000000042'), UUID_TO_BIN('11111111-1111-1111-1111-111111111111'), UUID_TO_BIN('aaaa0002-0002-0002-0002-000000000002'), '프론트엔드 와이어프레임 리뷰', 'done', 'public', '2026-01-30 09:00:00', '2026-01-30 10:30:00', '2026-01-30', '2026-01-30 09:00:00', '2026-01-30 10:30:00'),
(UUID_TO_BIN('cccc0043-0043-0043-0043-000000000043'), UUID_TO_BIN('11111111-1111-1111-1111-111111111111'), UUID_TO_BIN('aaaa0002-0002-0002-0002-000000000002'), '스프린트 데모 준비', 'done', 'public', '2026-01-30 14:00:00', '2026-01-30 16:00:00', '2026-01-30', '2026-01-30 14:00:00', '2026-01-30 16:00:00');

-- 01-31 (토)
INSERT INTO tasks (id, owner_user_id, group_id, title, status, visibility, created_at, updated_at, due_date, start_time, end_time) VALUES
(UUID_TO_BIN('cccc0044-0044-0044-0044-000000000044'), UUID_TO_BIN('11111111-1111-1111-1111-111111111111'), UUID_TO_BIN('aaaa0001-0001-0001-0001-000000000001'), '홈트레이닝 40분', 'done', 'public', '2026-01-31 08:00:00', '2026-01-31 08:45:00', '2026-01-31', '2026-01-31 08:00:00', '2026-01-31 08:40:00'),
(UUID_TO_BIN('cccc0045-0045-0045-0045-000000000045'), UUID_TO_BIN('11111111-1111-1111-1111-111111111111'), UUID_TO_BIN('aaaa0002-0002-0002-0002-000000000002'), 'Redis 캐시 전략 리서치', 'done', 'public', '2026-01-31 10:00:00', '2026-01-31 12:00:00', '2026-01-31', '2026-01-31 10:00:00', '2026-01-31 12:00:00'),
(UUID_TO_BIN('cccc0046-0046-0046-0046-000000000046'), UUID_TO_BIN('11111111-1111-1111-1111-111111111111'), UUID_TO_BIN('aaaa0002-0002-0002-0002-000000000002'), '개인 블로그 글 발행', 'done', 'public', '2026-01-31 14:00:00', '2026-01-31 15:30:00', '2026-01-31', '2026-01-31 14:00:00', '2026-01-31 15:30:00');

-- 02-01 (일)
INSERT INTO tasks (id, owner_user_id, group_id, title, status, visibility, created_at, updated_at, due_date, start_time, end_time) VALUES
(UUID_TO_BIN('cccc0047-0047-0047-0047-000000000047'), UUID_TO_BIN('11111111-1111-1111-1111-111111111111'), UUID_TO_BIN('aaaa0001-0001-0001-0001-000000000001'), '명상 15분', 'done', 'public', '2026-02-01 07:00:00', '2026-02-01 07:20:00', '2026-02-01', '2026-02-01 07:00:00', '2026-02-01 07:15:00'),
(UUID_TO_BIN('cccc0048-0048-0048-0048-000000000048'), UUID_TO_BIN('11111111-1111-1111-1111-111111111111'), UUID_TO_BIN('aaaa0002-0002-0002-0002-000000000002'), '주간 회고 & 월간 목표 설정', 'done', 'public', '2026-02-01 10:00:00', '2026-02-01 11:30:00', '2026-02-01', '2026-02-01 10:00:00', '2026-02-01 11:30:00'),
(UUID_TO_BIN('cccc0049-0049-0049-0049-000000000049'), UUID_TO_BIN('11111111-1111-1111-1111-111111111111'), UUID_TO_BIN('aaaa0002-0002-0002-0002-000000000002'), '오픈소스 기여 이슈 탐색', 'done', 'public', '2026-02-01 13:00:00', '2026-02-01 14:30:00', '2026-02-01', '2026-02-01 13:00:00', '2026-02-01 14:30:00');

-- 02-02 (월)
INSERT INTO tasks (id, owner_user_id, group_id, title, status, visibility, created_at, updated_at, due_date, start_time, end_time) VALUES
(UUID_TO_BIN('cccc0050-0050-0050-0050-000000000050'), UUID_TO_BIN('11111111-1111-1111-1111-111111111111'), UUID_TO_BIN('aaaa0001-0001-0001-0001-000000000001'), '모닝 요가 20분', 'done', 'public', '2026-02-02 06:00:00', '2026-02-02 06:25:00', '2026-02-02', '2026-02-02 06:00:00', '2026-02-02 06:20:00'),
(UUID_TO_BIN('cccc0051-0051-0051-0051-000000000051'), UUID_TO_BIN('11111111-1111-1111-1111-111111111111'), UUID_TO_BIN('aaaa0002-0002-0002-0002-000000000002'), 'Task CRUD API 구현', 'done', 'public', '2026-02-02 09:00:00', '2026-02-02 12:00:00', '2026-02-02', '2026-02-02 09:00:00', '2026-02-02 12:00:00'),
(UUID_TO_BIN('cccc0052-0052-0052-0052-000000000052'), UUID_TO_BIN('11111111-1111-1111-1111-111111111111'), UUID_TO_BIN('aaaa0002-0002-0002-0002-000000000002'), '팀 스탠드업 미팅', 'done', 'public', '2026-02-02 14:00:00', '2026-02-02 14:30:00', '2026-02-02', '2026-02-02 14:00:00', '2026-02-02 14:30:00');

-- 02-03 (화)
INSERT INTO tasks (id, owner_user_id, group_id, title, status, visibility, created_at, updated_at, due_date, start_time, end_time) VALUES
(UUID_TO_BIN('cccc0053-0053-0053-0053-000000000053'), UUID_TO_BIN('11111111-1111-1111-1111-111111111111'), UUID_TO_BIN('aaaa0001-0001-0001-0001-000000000001'), '달리기 4km', 'done', 'public', '2026-02-03 06:00:00', '2026-02-03 06:35:00', '2026-02-03', '2026-02-03 06:00:00', '2026-02-03 06:30:00'),
(UUID_TO_BIN('cccc0054-0054-0054-0054-000000000054'), UUID_TO_BIN('11111111-1111-1111-1111-111111111111'), UUID_TO_BIN('aaaa0002-0002-0002-0002-000000000002'), 'Group 도메인 API 구현', 'done', 'public', '2026-02-03 09:00:00', '2026-02-03 12:00:00', '2026-02-03', '2026-02-03 09:00:00', '2026-02-03 12:00:00'),
(UUID_TO_BIN('cccc0055-0055-0055-0055-000000000055'), UUID_TO_BIN('11111111-1111-1111-1111-111111111111'), UUID_TO_BIN('aaaa0002-0002-0002-0002-000000000002'), '통합 테스트 작성', 'done', 'public', '2026-02-03 14:00:00', '2026-02-03 16:30:00', '2026-02-03', '2026-02-03 14:00:00', '2026-02-03 16:30:00');

-- 02-04 (수)
INSERT INTO tasks (id, owner_user_id, group_id, title, status, visibility, created_at, updated_at, due_date, start_time, end_time) VALUES
(UUID_TO_BIN('cccc0056-0056-0056-0056-000000000056'), UUID_TO_BIN('11111111-1111-1111-1111-111111111111'), UUID_TO_BIN('aaaa0001-0001-0001-0001-000000000001'), '비타민 & 영양제 섭취', 'done', 'public', '2026-02-04 07:00:00', '2026-02-04 07:05:00', '2026-02-04', NULL, NULL),
(UUID_TO_BIN('cccc0057-0057-0057-0057-000000000057'), UUID_TO_BIN('11111111-1111-1111-1111-111111111111'), UUID_TO_BIN('aaaa0002-0002-0002-0002-000000000002'), 'Reaction 기능 설계 & 구현', 'done', 'public', '2026-02-04 09:00:00', '2026-02-04 12:00:00', '2026-02-04', '2026-02-04 09:00:00', '2026-02-04 12:00:00'),
(UUID_TO_BIN('cccc0058-0058-0058-0058-000000000058'), UUID_TO_BIN('11111111-1111-1111-1111-111111111111'), UUID_TO_BIN('aaaa0002-0002-0002-0002-000000000002'), 'PR 리뷰 3건 처리', 'done', 'public', '2026-02-04 13:00:00', '2026-02-04 15:00:00', '2026-02-04', '2026-02-04 13:00:00', '2026-02-04 15:00:00');

-- 02-05 (목)
INSERT INTO tasks (id, owner_user_id, group_id, title, status, visibility, created_at, updated_at, due_date, start_time, end_time) VALUES
(UUID_TO_BIN('cccc0059-0059-0059-0059-000000000059'), UUID_TO_BIN('11111111-1111-1111-1111-111111111111'), UUID_TO_BIN('aaaa0001-0001-0001-0001-000000000001'), '아침 산책 25분', 'done', 'public', '2026-02-05 06:30:00', '2026-02-05 07:00:00', '2026-02-05', '2026-02-05 06:30:00', '2026-02-05 06:55:00'),
(UUID_TO_BIN('cccc0060-0060-0060-0060-000000000060'), UUID_TO_BIN('11111111-1111-1111-1111-111111111111'), UUID_TO_BIN('aaaa0002-0002-0002-0002-000000000002'), '프로필 페이지 API 개발', 'done', 'public', '2026-02-05 09:00:00', '2026-02-05 11:30:00', '2026-02-05', '2026-02-05 09:00:00', '2026-02-05 11:30:00'),
(UUID_TO_BIN('cccc0061-0061-0061-0061-000000000061'), UUID_TO_BIN('11111111-1111-1111-1111-111111111111'), UUID_TO_BIN('aaaa0002-0002-0002-0002-000000000002'), '팀 정기 주간 회의', 'done', 'public', '2026-02-05 14:00:00', '2026-02-05 15:00:00', '2026-02-05', '2026-02-05 14:00:00', '2026-02-05 15:00:00');

-- 02-06 (금)
INSERT INTO tasks (id, owner_user_id, group_id, title, status, visibility, created_at, updated_at, due_date, start_time, end_time) VALUES
(UUID_TO_BIN('cccc0062-0062-0062-0062-000000000062'), UUID_TO_BIN('11111111-1111-1111-1111-111111111111'), UUID_TO_BIN('aaaa0001-0001-0001-0001-000000000001'), '모닝 스트레칭 15분', 'done', 'public', '2026-02-06 06:00:00', '2026-02-06 06:20:00', '2026-02-06', '2026-02-06 06:00:00', '2026-02-06 06:15:00'),
(UUID_TO_BIN('cccc0063-0063-0063-0063-000000000063'), UUID_TO_BIN('11111111-1111-1111-1111-111111111111'), UUID_TO_BIN('aaaa0002-0002-0002-0002-000000000002'), 'OAuth2 소셜 로그인 연동', 'done', 'public', '2026-02-06 09:00:00', '2026-02-06 12:00:00', '2026-02-06', '2026-02-06 09:00:00', '2026-02-06 12:00:00'),
(UUID_TO_BIN('cccc0064-0064-0064-0064-000000000064'), UUID_TO_BIN('11111111-1111-1111-1111-111111111111'), UUID_TO_BIN('aaaa0002-0002-0002-0002-000000000002'), '스프린트 회고 & 데모', 'done', 'public', '2026-02-06 15:00:00', '2026-02-06 16:30:00', '2026-02-06', '2026-02-06 15:00:00', '2026-02-06 16:30:00');

-- 02-07 (토)
INSERT INTO tasks (id, owner_user_id, group_id, title, status, visibility, created_at, updated_at, due_date, start_time, end_time) VALUES
(UUID_TO_BIN('cccc0065-0065-0065-0065-000000000065'), UUID_TO_BIN('11111111-1111-1111-1111-111111111111'), UUID_TO_BIN('aaaa0001-0001-0001-0001-000000000001'), '홈트레이닝 35분', 'done', 'public', '2026-02-07 08:00:00', '2026-02-07 08:40:00', '2026-02-07', '2026-02-07 08:00:00', '2026-02-07 08:35:00'),
(UUID_TO_BIN('cccc0066-0066-0066-0066-000000000066'), UUID_TO_BIN('11111111-1111-1111-1111-111111111111'), UUID_TO_BIN('aaaa0002-0002-0002-0002-000000000002'), 'WebSocket 실시간 알림 설계', 'done', 'public', '2026-02-07 10:00:00', '2026-02-07 12:00:00', '2026-02-07', '2026-02-07 10:00:00', '2026-02-07 12:00:00'),
(UUID_TO_BIN('cccc0067-0067-0067-0067-000000000067'), UUID_TO_BIN('11111111-1111-1111-1111-111111111111'), UUID_TO_BIN('aaaa0002-0002-0002-0002-000000000002'), '기술 블로그 글 작성', 'done', 'public', '2026-02-07 14:00:00', '2026-02-07 16:00:00', '2026-02-07', '2026-02-07 14:00:00', '2026-02-07 16:00:00');

-- 02-08 (일)
INSERT INTO tasks (id, owner_user_id, group_id, title, status, visibility, created_at, updated_at, due_date, start_time, end_time) VALUES
(UUID_TO_BIN('cccc0068-0068-0068-0068-000000000068'), UUID_TO_BIN('11111111-1111-1111-1111-111111111111'), UUID_TO_BIN('aaaa0001-0001-0001-0001-000000000001'), '명상 20분', 'done', 'public', '2026-02-08 07:00:00', '2026-02-08 07:25:00', '2026-02-08', '2026-02-08 07:00:00', '2026-02-08 07:20:00'),
(UUID_TO_BIN('cccc0069-0069-0069-0069-000000000069'), UUID_TO_BIN('11111111-1111-1111-1111-111111111111'), UUID_TO_BIN('aaaa0002-0002-0002-0002-000000000002'), '주간 회고 작성', 'done', 'public', '2026-02-08 10:00:00', '2026-02-08 11:00:00', '2026-02-08', '2026-02-08 10:00:00', '2026-02-08 11:00:00'),
(UUID_TO_BIN('cccc0070-0070-0070-0070-000000000070'), UUID_TO_BIN('11111111-1111-1111-1111-111111111111'), UUID_TO_BIN('aaaa0002-0002-0002-0002-000000000002'), 'Spring Batch 학습 정리', 'done', 'public', '2026-02-08 13:00:00', '2026-02-08 15:00:00', '2026-02-08', '2026-02-08 13:00:00', '2026-02-08 15:00:00');

-- 02-09 (월)
INSERT INTO tasks (id, owner_user_id, group_id, title, status, visibility, created_at, updated_at, due_date, start_time, end_time) VALUES
(UUID_TO_BIN('cccc0071-0071-0071-0071-000000000071'), UUID_TO_BIN('11111111-1111-1111-1111-111111111111'), UUID_TO_BIN('aaaa0001-0001-0001-0001-000000000001'), '조깅 30분', 'done', 'public', '2026-02-09 06:00:00', '2026-02-09 06:35:00', '2026-02-09', '2026-02-09 06:00:00', '2026-02-09 06:30:00'),
(UUID_TO_BIN('cccc0072-0072-0072-0072-000000000072'), UUID_TO_BIN('11111111-1111-1111-1111-111111111111'), UUID_TO_BIN('aaaa0002-0002-0002-0002-000000000002'), '캘린더 히트맵 API 구현', 'done', 'public', '2026-02-09 09:00:00', '2026-02-09 12:00:00', '2026-02-09', '2026-02-09 09:00:00', '2026-02-09 12:00:00'),
(UUID_TO_BIN('cccc0073-0073-0073-0073-000000000073'), UUID_TO_BIN('11111111-1111-1111-1111-111111111111'), UUID_TO_BIN('aaaa0002-0002-0002-0002-000000000002'), '팀 스탠드업 미팅', 'done', 'public', '2026-02-09 14:00:00', '2026-02-09 14:30:00', '2026-02-09', '2026-02-09 14:00:00', '2026-02-09 14:30:00');

-- 02-10 (화)
INSERT INTO tasks (id, owner_user_id, group_id, title, status, visibility, created_at, updated_at, due_date, start_time, end_time) VALUES
(UUID_TO_BIN('cccc0074-0074-0074-0074-000000000074'), UUID_TO_BIN('11111111-1111-1111-1111-111111111111'), UUID_TO_BIN('aaaa0001-0001-0001-0001-000000000001'), '모닝 요가 20분', 'done', 'public', '2026-02-10 06:00:00', '2026-02-10 06:25:00', '2026-02-10', '2026-02-10 06:00:00', '2026-02-10 06:20:00'),
(UUID_TO_BIN('cccc0075-0075-0075-0075-000000000075'), UUID_TO_BIN('11111111-1111-1111-1111-111111111111'), UUID_TO_BIN('aaaa0002-0002-0002-0002-000000000002'), '검색 기능 Elasticsearch 연동', 'done', 'public', '2026-02-10 09:00:00', '2026-02-10 12:00:00', '2026-02-10', '2026-02-10 09:00:00', '2026-02-10 12:00:00'),
(UUID_TO_BIN('cccc0076-0076-0076-0076-000000000076'), UUID_TO_BIN('11111111-1111-1111-1111-111111111111'), UUID_TO_BIN('aaaa0002-0002-0002-0002-000000000002'), 'API 응답 DTO 리팩토링', 'done', 'public', '2026-02-10 14:00:00', '2026-02-10 16:00:00', '2026-02-10', '2026-02-10 14:00:00', '2026-02-10 16:00:00');

-- 02-11 (수)
INSERT INTO tasks (id, owner_user_id, group_id, title, status, visibility, created_at, updated_at, due_date, start_time, end_time) VALUES
(UUID_TO_BIN('cccc0077-0077-0077-0077-000000000077'), UUID_TO_BIN('11111111-1111-1111-1111-111111111111'), UUID_TO_BIN('aaaa0001-0001-0001-0001-000000000001'), '달리기 3km', 'done', 'public', '2026-02-11 06:00:00', '2026-02-11 06:30:00', '2026-02-11', '2026-02-11 06:00:00', '2026-02-11 06:25:00'),
(UUID_TO_BIN('cccc0078-0078-0078-0078-000000000078'), UUID_TO_BIN('11111111-1111-1111-1111-111111111111'), UUID_TO_BIN('aaaa0002-0002-0002-0002-000000000002'), '에러 핸들링 글로벌 설정', 'done', 'public', '2026-02-11 09:00:00', '2026-02-11 11:00:00', '2026-02-11', '2026-02-11 09:00:00', '2026-02-11 11:00:00'),
(UUID_TO_BIN('cccc0079-0079-0079-0079-000000000079'), UUID_TO_BIN('11111111-1111-1111-1111-111111111111'), UUID_TO_BIN('aaaa0002-0002-0002-0002-000000000002'), 'Flyway 마이그레이션 설정', 'done', 'public', '2026-02-11 13:00:00', '2026-02-11 15:00:00', '2026-02-11', '2026-02-11 13:00:00', '2026-02-11 15:00:00');

-- 02-12 (목)
INSERT INTO tasks (id, owner_user_id, group_id, title, status, visibility, created_at, updated_at, due_date, start_time, end_time) VALUES
(UUID_TO_BIN('cccc0080-0080-0080-0080-000000000080'), UUID_TO_BIN('11111111-1111-1111-1111-111111111111'), UUID_TO_BIN('aaaa0001-0001-0001-0001-000000000001'), '비타민 & 영양제 섭취', 'done', 'public', '2026-02-12 07:00:00', '2026-02-12 07:05:00', '2026-02-12', NULL, NULL),
(UUID_TO_BIN('cccc0081-0081-0081-0081-000000000081'), UUID_TO_BIN('11111111-1111-1111-1111-111111111111'), UUID_TO_BIN('aaaa0002-0002-0002-0002-000000000002'), '성능 프로파일링 & 최적화', 'done', 'public', '2026-02-12 09:00:00', '2026-02-12 12:00:00', '2026-02-12', '2026-02-12 09:00:00', '2026-02-12 12:00:00'),
(UUID_TO_BIN('cccc0082-0082-0082-0082-000000000082'), UUID_TO_BIN('11111111-1111-1111-1111-111111111111'), UUID_TO_BIN('aaaa0002-0002-0002-0002-000000000002'), '팀 정기 주간 회의', 'done', 'public', '2026-02-12 14:00:00', '2026-02-12 15:00:00', '2026-02-12', '2026-02-12 14:00:00', '2026-02-12 15:00:00');

-- 02-13 (금)
INSERT INTO tasks (id, owner_user_id, group_id, title, status, visibility, created_at, updated_at, due_date, start_time, end_time) VALUES
(UUID_TO_BIN('cccc0083-0083-0083-0083-000000000083'), UUID_TO_BIN('11111111-1111-1111-1111-111111111111'), UUID_TO_BIN('aaaa0001-0001-0001-0001-000000000001'), '아침 산책 20분', 'done', 'public', '2026-02-13 06:30:00', '2026-02-13 06:55:00', '2026-02-13', '2026-02-13 06:30:00', '2026-02-13 06:50:00'),
(UUID_TO_BIN('cccc0084-0084-0084-0084-000000000084'), UUID_TO_BIN('11111111-1111-1111-1111-111111111111'), UUID_TO_BIN('aaaa0002-0002-0002-0002-000000000002'), 'Notification 시스템 구현', 'done', 'public', '2026-02-13 09:00:00', '2026-02-13 12:00:00', '2026-02-13', '2026-02-13 09:00:00', '2026-02-13 12:00:00'),
(UUID_TO_BIN('cccc0085-0085-0085-0085-000000000085'), UUID_TO_BIN('11111111-1111-1111-1111-111111111111'), UUID_TO_BIN('aaaa0002-0002-0002-0002-000000000002'), '스프린트 회고 & 데모', 'done', 'public', '2026-02-13 15:00:00', '2026-02-13 16:30:00', '2026-02-13', '2026-02-13 15:00:00', '2026-02-13 16:30:00');

-- 02-14 (토)
INSERT INTO tasks (id, owner_user_id, group_id, title, status, visibility, created_at, updated_at, due_date, start_time, end_time) VALUES
(UUID_TO_BIN('cccc0086-0086-0086-0086-000000000086'), UUID_TO_BIN('11111111-1111-1111-1111-111111111111'), UUID_TO_BIN('aaaa0001-0001-0001-0001-000000000001'), '홈트레이닝 30분', 'done', 'public', '2026-02-14 08:00:00', '2026-02-14 08:35:00', '2026-02-14', '2026-02-14 08:00:00', '2026-02-14 08:30:00'),
(UUID_TO_BIN('cccc0087-0087-0087-0087-000000000087'), UUID_TO_BIN('11111111-1111-1111-1111-111111111111'), UUID_TO_BIN('aaaa0002-0002-0002-0002-000000000002'), 'GraphQL vs REST 비교 분석', 'done', 'public', '2026-02-14 10:00:00', '2026-02-14 12:00:00', '2026-02-14', '2026-02-14 10:00:00', '2026-02-14 12:00:00'),
(UUID_TO_BIN('cccc0088-0088-0088-0088-000000000088'), UUID_TO_BIN('11111111-1111-1111-1111-111111111111'), UUID_TO_BIN('aaaa0002-0002-0002-0002-000000000002'), '오픈소스 PR 제출', 'done', 'public', '2026-02-14 14:00:00', '2026-02-14 16:00:00', '2026-02-14', '2026-02-14 14:00:00', '2026-02-14 16:00:00');

-- 02-15 (일)
INSERT INTO tasks (id, owner_user_id, group_id, title, status, visibility, created_at, updated_at, due_date, start_time, end_time) VALUES
(UUID_TO_BIN('cccc0089-0089-0089-0089-000000000089'), UUID_TO_BIN('11111111-1111-1111-1111-111111111111'), UUID_TO_BIN('aaaa0001-0001-0001-0001-000000000001'), '명상 15분', 'done', 'public', '2026-02-15 07:00:00', '2026-02-15 07:20:00', '2026-02-15', '2026-02-15 07:00:00', '2026-02-15 07:15:00'),
(UUID_TO_BIN('cccc0090-0090-0090-0090-000000000090'), UUID_TO_BIN('11111111-1111-1111-1111-111111111111'), UUID_TO_BIN('aaaa0002-0002-0002-0002-000000000002'), '주간 회고 작성', 'done', 'public', '2026-02-15 10:00:00', '2026-02-15 11:00:00', '2026-02-15', '2026-02-15 10:00:00', '2026-02-15 11:00:00'),
(UUID_TO_BIN('cccc0091-0091-0091-0091-000000000091'), UUID_TO_BIN('11111111-1111-1111-1111-111111111111'), UUID_TO_BIN('aaaa0002-0002-0002-0002-000000000002'), '다음주 스프린트 계획', 'done', 'public', '2026-02-15 11:00:00', '2026-02-15 12:30:00', '2026-02-15', '2026-02-15 11:00:00', '2026-02-15 12:30:00');

-- 02-16 (월)
INSERT INTO tasks (id, owner_user_id, group_id, title, status, visibility, created_at, updated_at, due_date, start_time, end_time) VALUES
(UUID_TO_BIN('cccc0092-0092-0092-0092-000000000092'), UUID_TO_BIN('11111111-1111-1111-1111-111111111111'), UUID_TO_BIN('aaaa0001-0001-0001-0001-000000000001'), '모닝 요가 20분', 'done', 'public', '2026-02-16 06:00:00', '2026-02-16 06:25:00', '2026-02-16', '2026-02-16 06:00:00', '2026-02-16 06:20:00'),
(UUID_TO_BIN('cccc0093-0093-0093-0093-000000000093'), UUID_TO_BIN('11111111-1111-1111-1111-111111111111'), UUID_TO_BIN('aaaa0002-0002-0002-0002-000000000002'), '모니터링 대시보드 구축', 'done', 'public', '2026-02-16 09:00:00', '2026-02-16 12:00:00', '2026-02-16', '2026-02-16 09:00:00', '2026-02-16 12:00:00'),
(UUID_TO_BIN('cccc0094-0094-0094-0094-000000000094'), UUID_TO_BIN('11111111-1111-1111-1111-111111111111'), UUID_TO_BIN('aaaa0002-0002-0002-0002-000000000002'), '팀 스탠드업 미팅', 'done', 'public', '2026-02-16 14:00:00', '2026-02-16 14:30:00', '2026-02-16', '2026-02-16 14:00:00', '2026-02-16 14:30:00');

-- 02-17 (화)
INSERT INTO tasks (id, owner_user_id, group_id, title, status, visibility, created_at, updated_at, due_date, start_time, end_time) VALUES
(UUID_TO_BIN('cccc0095-0095-0095-0095-000000000095'), UUID_TO_BIN('11111111-1111-1111-1111-111111111111'), UUID_TO_BIN('aaaa0001-0001-0001-0001-000000000001'), '달리기 5km', 'done', 'public', '2026-02-17 06:00:00', '2026-02-17 06:40:00', '2026-02-17', '2026-02-17 06:00:00', '2026-02-17 06:35:00'),
(UUID_TO_BIN('cccc0096-0096-0096-0096-000000000096'), UUID_TO_BIN('11111111-1111-1111-1111-111111111111'), UUID_TO_BIN('aaaa0002-0002-0002-0002-000000000002'), '로깅 시스템 개선 (MDC)', 'done', 'public', '2026-02-17 09:00:00', '2026-02-17 11:30:00', '2026-02-17', '2026-02-17 09:00:00', '2026-02-17 11:30:00'),
(UUID_TO_BIN('cccc0097-0097-0097-0097-000000000097'), UUID_TO_BIN('11111111-1111-1111-1111-111111111111'), UUID_TO_BIN('aaaa0002-0002-0002-0002-000000000002'), 'API Rate Limiting 구현', 'done', 'public', '2026-02-17 13:00:00', '2026-02-17 15:30:00', '2026-02-17', '2026-02-17 13:00:00', '2026-02-17 15:30:00');

-- 02-18 (수)
INSERT INTO tasks (id, owner_user_id, group_id, title, status, visibility, created_at, updated_at, due_date, start_time, end_time) VALUES
(UUID_TO_BIN('cccc0098-0098-0098-0098-000000000098'), UUID_TO_BIN('11111111-1111-1111-1111-111111111111'), UUID_TO_BIN('aaaa0001-0001-0001-0001-000000000001'), '비타민 & 영양제 섭취', 'done', 'public', '2026-02-18 07:00:00', '2026-02-18 07:05:00', '2026-02-18', NULL, NULL),
(UUID_TO_BIN('cccc0099-0099-0099-0099-000000000099'), UUID_TO_BIN('11111111-1111-1111-1111-111111111111'), UUID_TO_BIN('aaaa0002-0002-0002-0002-000000000002'), 'Kubernetes 배포 매니페스트 작성', 'done', 'public', '2026-02-18 09:00:00', '2026-02-18 12:00:00', '2026-02-18', '2026-02-18 09:00:00', '2026-02-18 12:00:00'),
(UUID_TO_BIN('cccc0100-0100-0100-0100-000000000100'), UUID_TO_BIN('11111111-1111-1111-1111-111111111111'), UUID_TO_BIN('aaaa0002-0002-0002-0002-000000000002'), 'PR 리뷰 & 머지 2건', 'done', 'public', '2026-02-18 14:00:00', '2026-02-18 15:30:00', '2026-02-18', '2026-02-18 14:00:00', '2026-02-18 15:30:00');

-- 02-19 (목)
INSERT INTO tasks (id, owner_user_id, group_id, title, status, visibility, created_at, updated_at, due_date, start_time, end_time) VALUES
(UUID_TO_BIN('cccc0101-0101-0101-0101-000000000101'), UUID_TO_BIN('11111111-1111-1111-1111-111111111111'), UUID_TO_BIN('aaaa0001-0001-0001-0001-000000000001'), '아침 산책 25분', 'done', 'public', '2026-02-19 06:30:00', '2026-02-19 07:00:00', '2026-02-19', '2026-02-19 06:30:00', '2026-02-19 06:55:00'),
(UUID_TO_BIN('cccc0102-0102-0102-0102-000000000102'), UUID_TO_BIN('11111111-1111-1111-1111-111111111111'), UUID_TO_BIN('aaaa0002-0002-0002-0002-000000000002'), 'E2E 테스트 시나리오 작성', 'done', 'public', '2026-02-19 09:00:00', '2026-02-19 12:00:00', '2026-02-19', '2026-02-19 09:00:00', '2026-02-19 12:00:00'),
(UUID_TO_BIN('cccc0103-0103-0103-0103-000000000103'), UUID_TO_BIN('11111111-1111-1111-1111-111111111111'), UUID_TO_BIN('aaaa0002-0002-0002-0002-000000000002'), '팀 정기 주간 회의', 'done', 'public', '2026-02-19 14:00:00', '2026-02-19 15:00:00', '2026-02-19', '2026-02-19 14:00:00', '2026-02-19 15:00:00');

-- 02-20 (금, 어제)
INSERT INTO tasks (id, owner_user_id, group_id, title, status, visibility, created_at, updated_at, due_date, start_time, end_time) VALUES
(UUID_TO_BIN('cccc0104-0104-0104-0104-000000000104'), UUID_TO_BIN('11111111-1111-1111-1111-111111111111'), UUID_TO_BIN('aaaa0001-0001-0001-0001-000000000001'), '모닝 스트레칭 15분', 'done', 'public', '2026-02-20 06:00:00', '2026-02-20 06:20:00', '2026-02-20', '2026-02-20 06:00:00', '2026-02-20 06:15:00'),
(UUID_TO_BIN('cccc0105-0105-0105-0105-000000000105'), UUID_TO_BIN('11111111-1111-1111-1111-111111111111'), UUID_TO_BIN('aaaa0002-0002-0002-0002-000000000002'), '릴리즈 체크리스트 점검', 'done', 'public', '2026-02-20 09:00:00', '2026-02-20 11:00:00', '2026-02-20', '2026-02-20 09:00:00', '2026-02-20 11:00:00'),
(UUID_TO_BIN('cccc0106-0106-0106-0106-000000000106'), UUID_TO_BIN('11111111-1111-1111-1111-111111111111'), UUID_TO_BIN('aaaa0002-0002-0002-0002-000000000002'), '스프린트 회고 & 데모', 'done', 'public', '2026-02-20 15:00:00', '2026-02-20 16:30:00', '2026-02-20', '2026-02-20 15:00:00', '2026-02-20 16:30:00');

-- 02-21 (토, 오늘)
INSERT INTO tasks (id, owner_user_id, group_id, title, status, visibility, created_at, updated_at, due_date, start_time, end_time) VALUES
(UUID_TO_BIN('cccc0107-0107-0107-0107-000000000107'), UUID_TO_BIN('11111111-1111-1111-1111-111111111111'), UUID_TO_BIN('aaaa0001-0001-0001-0001-000000000001'), '홈트레이닝 30분', 'done', 'public', '2026-02-21 08:00:00', '2026-02-21 08:35:00', '2026-02-21', '2026-02-21 08:00:00', '2026-02-21 08:30:00'),
(UUID_TO_BIN('cccc0108-0108-0108-0108-000000000108'), UUID_TO_BIN('11111111-1111-1111-1111-111111111111'), UUID_TO_BIN('aaaa0002-0002-0002-0002-000000000002'), 'v1.0 핫픽스 대응', 'in_progress', 'public', '2026-02-21 10:00:00', '2026-02-21 10:00:00', '2026-02-21', '2026-02-21 10:00:00', NULL),
(UUID_TO_BIN('cccc0109-0109-0109-0109-000000000109'), UUID_TO_BIN('11111111-1111-1111-1111-111111111111'), UUID_TO_BIN('aaaa0002-0002-0002-0002-000000000002'), '주간 회고 작성', 'todo', 'public', '2026-02-21 10:05:00', '2026-02-21 10:05:00', '2026-02-21', NULL, NULL);

-- ── tasks (박지현) ──
INSERT INTO tasks (id, owner_user_id, group_id, title, status, visibility, created_at, updated_at, due_date, start_time, end_time) VALUES
(UUID_TO_BIN('dddd0001-0001-0001-0001-000000000001'), UUID_TO_BIN('22222222-2222-2222-2222-222222222222'), UUID_TO_BIN('bbbb0001-0001-0001-0001-000000000001'), 'Spring Security 설정', 'done', 'public', '2024-03-12 09:00:00', '2024-03-12 11:00:00', '2024-03-12', NULL, NULL),
(UUID_TO_BIN('dddd0002-0002-0002-0002-000000000002'), UUID_TO_BIN('22222222-2222-2222-2222-222222222222'), UUID_TO_BIN('bbbb0001-0001-0001-0001-000000000001'), 'JWT 인증 구현', 'in_progress', 'public', '2024-03-13 09:00:00', '2024-03-13 09:00:00', '2024-03-13', NULL, NULL),
(UUID_TO_BIN('dddd0003-0003-0003-0003-000000000003'), UUID_TO_BIN('22222222-2222-2222-2222-222222222222'), UUID_TO_BIN('bbbb0002-0002-0002-0002-000000000002'), '서점 방문', 'todo', 'private', '2024-03-13 10:00:00', '2024-03-13 10:00:00', '2024-03-14', NULL, NULL);

-- ── task_tags ──
INSERT INTO task_tags (task_id, tag) VALUES
(UUID_TO_BIN('cccc0001-0001-0001-0001-000000000001'), 'HEALTH'),
(UUID_TO_BIN('cccc0002-0002-0002-0002-000000000002'), 'ROUTINE'),
(UUID_TO_BIN('cccc0003-0003-0003-0003-000000000003'), 'HEALTH'),
(UUID_TO_BIN('cccc0004-0004-0004-0004-000000000004'), 'DESIGN'),
(UUID_TO_BIN('cccc0005-0005-0005-0005-000000000005'), 'MEETING'),
(UUID_TO_BIN('cccc0006-0006-0006-0006-000000000006'), 'RESEARCH'),
(UUID_TO_BIN('cccc0007-0007-0007-0007-000000000007'), 'DEV'),
(UUID_TO_BIN('cccc0008-0008-0008-0008-000000000008'), 'DEV'),
(UUID_TO_BIN('cccc0009-0009-0009-0009-000000000009'), 'ADMIN'),
(UUID_TO_BIN('cccc0010-0010-0010-0010-000000000010'), 'SHOPPING'),
(UUID_TO_BIN('dddd0001-0001-0001-0001-000000000001'), 'DEV'),
(UUID_TO_BIN('dddd0002-0002-0002-0002-000000000002'), 'DEV'),
(UUID_TO_BIN('cccc0017-0017-0017-0017-000000000017'), 'HEALTH'),
(UUID_TO_BIN('cccc0018-0018-0018-0018-000000000018'), 'DEV'),
(UUID_TO_BIN('cccc0019-0019-0019-0019-000000000019'), 'WRITING'),
(UUID_TO_BIN('cccc0020-0020-0020-0020-000000000020'), 'HEALTH'),
(UUID_TO_BIN('cccc0021-0021-0021-0021-000000000021'), 'DEV'),
(UUID_TO_BIN('cccc0022-0022-0022-0022-000000000022'), 'DEV'),
(UUID_TO_BIN('cccc0023-0023-0023-0023-000000000023'), 'HEALTH'),
(UUID_TO_BIN('cccc0024-0024-0024-0024-000000000024'), 'RESEARCH'),
(UUID_TO_BIN('cccc0025-0025-0025-0025-000000000025'), 'LEARNING'),
(UUID_TO_BIN('cccc0026-0026-0026-0026-000000000026'), 'HEALTH'),
(UUID_TO_BIN('cccc0027-0027-0027-0027-000000000027'), 'ROUTINE'),
(UUID_TO_BIN('cccc0028-0028-0028-0028-000000000028'), 'PLANNING'),
(UUID_TO_BIN('cccc0029-0029-0029-0029-000000000029'), 'HEALTH'),
(UUID_TO_BIN('cccc0030-0030-0030-0030-000000000030'), 'DEV'),
(UUID_TO_BIN('cccc0031-0031-0031-0031-000000000031'), 'MEETING'),
(UUID_TO_BIN('cccc0032-0032-0032-0032-000000000032'), 'HEALTH'),
(UUID_TO_BIN('cccc0033-0033-0033-0033-000000000033'), 'DEV'),
(UUID_TO_BIN('cccc0034-0034-0034-0034-000000000034'), 'DEV'),
(UUID_TO_BIN('cccc0035-0035-0035-0035-000000000035'), 'HEALTH'),
(UUID_TO_BIN('cccc0036-0036-0036-0036-000000000036'), 'DEV'),
(UUID_TO_BIN('cccc0037-0037-0037-0037-000000000037'), 'DEV'),
(UUID_TO_BIN('cccc0038-0038-0038-0038-000000000038'), 'HEALTH'),
(UUID_TO_BIN('cccc0039-0039-0039-0039-000000000039'), 'DEV'),
(UUID_TO_BIN('cccc0040-0040-0040-0040-000000000040'), 'DEV'),
(UUID_TO_BIN('cccc0041-0041-0041-0041-000000000041'), 'HEALTH'),
(UUID_TO_BIN('cccc0042-0042-0042-0042-000000000042'), 'DESIGN'),
(UUID_TO_BIN('cccc0043-0043-0043-0043-000000000043'), 'MEETING'),
(UUID_TO_BIN('cccc0044-0044-0044-0044-000000000044'), 'HEALTH'),
(UUID_TO_BIN('cccc0045-0045-0045-0045-000000000045'), 'RESEARCH'),
(UUID_TO_BIN('cccc0046-0046-0046-0046-000000000046'), 'WRITING'),
(UUID_TO_BIN('cccc0047-0047-0047-0047-000000000047'), 'HEALTH'),
(UUID_TO_BIN('cccc0048-0048-0048-0048-000000000048'), 'ROUTINE'),
(UUID_TO_BIN('cccc0049-0049-0049-0049-000000000049'), 'DEV'),
(UUID_TO_BIN('cccc0050-0050-0050-0050-000000000050'), 'HEALTH'),
(UUID_TO_BIN('cccc0051-0051-0051-0051-000000000051'), 'DEV'),
(UUID_TO_BIN('cccc0052-0052-0052-0052-000000000052'), 'MEETING'),
(UUID_TO_BIN('cccc0053-0053-0053-0053-000000000053'), 'HEALTH'),
(UUID_TO_BIN('cccc0054-0054-0054-0054-000000000054'), 'DEV'),
(UUID_TO_BIN('cccc0055-0055-0055-0055-000000000055'), 'DEV'),
(UUID_TO_BIN('cccc0056-0056-0056-0056-000000000056'), 'HEALTH'),
(UUID_TO_BIN('cccc0057-0057-0057-0057-000000000057'), 'DEV'),
(UUID_TO_BIN('cccc0058-0058-0058-0058-000000000058'), 'DEV'),
(UUID_TO_BIN('cccc0059-0059-0059-0059-000000000059'), 'HEALTH'),
(UUID_TO_BIN('cccc0060-0060-0060-0060-000000000060'), 'DEV'),
(UUID_TO_BIN('cccc0061-0061-0061-0061-000000000061'), 'MEETING'),
(UUID_TO_BIN('cccc0062-0062-0062-0062-000000000062'), 'HEALTH'),
(UUID_TO_BIN('cccc0063-0063-0063-0063-000000000063'), 'DEV'),
(UUID_TO_BIN('cccc0064-0064-0064-0064-000000000064'), 'MEETING'),
(UUID_TO_BIN('cccc0065-0065-0065-0065-000000000065'), 'HEALTH'),
(UUID_TO_BIN('cccc0066-0066-0066-0066-000000000066'), 'DEV'),
(UUID_TO_BIN('cccc0067-0067-0067-0067-000000000067'), 'WRITING'),
(UUID_TO_BIN('cccc0068-0068-0068-0068-000000000068'), 'HEALTH'),
(UUID_TO_BIN('cccc0069-0069-0069-0069-000000000069'), 'ROUTINE'),
(UUID_TO_BIN('cccc0070-0070-0070-0070-000000000070'), 'LEARNING'),
(UUID_TO_BIN('cccc0071-0071-0071-0071-000000000071'), 'HEALTH'),
(UUID_TO_BIN('cccc0072-0072-0072-0072-000000000072'), 'DEV'),
(UUID_TO_BIN('cccc0073-0073-0073-0073-000000000073'), 'MEETING'),
(UUID_TO_BIN('cccc0074-0074-0074-0074-000000000074'), 'HEALTH'),
(UUID_TO_BIN('cccc0075-0075-0075-0075-000000000075'), 'DEV'),
(UUID_TO_BIN('cccc0076-0076-0076-0076-000000000076'), 'DEV'),
(UUID_TO_BIN('cccc0077-0077-0077-0077-000000000077'), 'HEALTH'),
(UUID_TO_BIN('cccc0078-0078-0078-0078-000000000078'), 'DEV'),
(UUID_TO_BIN('cccc0079-0079-0079-0079-000000000079'), 'DEV'),
(UUID_TO_BIN('cccc0080-0080-0080-0080-000000000080'), 'HEALTH'),
(UUID_TO_BIN('cccc0081-0081-0081-0081-000000000081'), 'DEV'),
(UUID_TO_BIN('cccc0082-0082-0082-0082-000000000082'), 'MEETING'),
(UUID_TO_BIN('cccc0083-0083-0083-0083-000000000083'), 'HEALTH'),
(UUID_TO_BIN('cccc0084-0084-0084-0084-000000000084'), 'DEV'),
(UUID_TO_BIN('cccc0085-0085-0085-0085-000000000085'), 'MEETING'),
(UUID_TO_BIN('cccc0086-0086-0086-0086-000000000086'), 'HEALTH'),
(UUID_TO_BIN('cccc0087-0087-0087-0087-000000000087'), 'RESEARCH'),
(UUID_TO_BIN('cccc0088-0088-0088-0088-000000000088'), 'DEV'),
(UUID_TO_BIN('cccc0089-0089-0089-0089-000000000089'), 'HEALTH'),
(UUID_TO_BIN('cccc0090-0090-0090-0090-000000000090'), 'ROUTINE'),
(UUID_TO_BIN('cccc0091-0091-0091-0091-000000000091'), 'PLANNING'),
(UUID_TO_BIN('cccc0092-0092-0092-0092-000000000092'), 'HEALTH'),
(UUID_TO_BIN('cccc0093-0093-0093-0093-000000000093'), 'DEV'),
(UUID_TO_BIN('cccc0094-0094-0094-0094-000000000094'), 'MEETING'),
(UUID_TO_BIN('cccc0095-0095-0095-0095-000000000095'), 'HEALTH'),
(UUID_TO_BIN('cccc0096-0096-0096-0096-000000000096'), 'DEV'),
(UUID_TO_BIN('cccc0097-0097-0097-0097-000000000097'), 'DEV'),
(UUID_TO_BIN('cccc0098-0098-0098-0098-000000000098'), 'HEALTH'),
(UUID_TO_BIN('cccc0099-0099-0099-0099-000000000099'), 'DEV'),
(UUID_TO_BIN('cccc0100-0100-0100-0100-000000000100'), 'DEV'),
(UUID_TO_BIN('cccc0101-0101-0101-0101-000000000101'), 'HEALTH'),
(UUID_TO_BIN('cccc0102-0102-0102-0102-000000000102'), 'DEV'),
(UUID_TO_BIN('cccc0103-0103-0103-0103-000000000103'), 'MEETING'),
(UUID_TO_BIN('cccc0104-0104-0104-0104-000000000104'), 'HEALTH'),
(UUID_TO_BIN('cccc0105-0105-0105-0105-000000000105'), 'DEV'),
(UUID_TO_BIN('cccc0106-0106-0106-0106-000000000106'), 'MEETING'),
(UUID_TO_BIN('cccc0107-0107-0107-0107-000000000107'), 'HEALTH'),
(UUID_TO_BIN('cccc0108-0108-0108-0108-000000000108'), 'DEV'),
(UUID_TO_BIN('cccc0109-0109-0109-0109-000000000109'), 'ROUTINE');

-- ── task_reference_links ──
INSERT INTO task_reference_links (task_id, link) VALUES
(UUID_TO_BIN('cccc0005-0005-0005-0005-000000000005'), 'https://zoom.us/j/123456789'),
(UUID_TO_BIN('cccc0006-0006-0006-0006-000000000006'), 'https://docs.google.com/research-v3');

-- ── reactions (public task에만) ──
INSERT INTO reactions (id, user_id, task_id, emoji, active, created_at, updated_at) VALUES
(UUID_TO_BIN('eeee0001-0001-0001-0001-000000000001'), UUID_TO_BIN('22222222-2222-2222-2222-222222222222'), UUID_TO_BIN('cccc0001-0001-0001-0001-000000000001'), '🧑', true, '2024-03-13 07:00:00', '2024-03-13 07:00:00'),
(UUID_TO_BIN('eeee0002-0002-0002-0002-000000000002'), UUID_TO_BIN('33333333-3333-3333-3333-333333333333'), UUID_TO_BIN('cccc0001-0001-0001-0001-000000000001'), '🧑', true, '2024-03-13 07:05:00', '2024-03-13 07:05:00'),
(UUID_TO_BIN('eeee0003-0003-0003-0003-000000000003'), UUID_TO_BIN('22222222-2222-2222-2222-222222222222'), UUID_TO_BIN('cccc0001-0001-0001-0001-000000000001'), '✨', true, '2024-03-13 07:10:00', '2024-03-13 07:10:00'),
(UUID_TO_BIN('eeee0004-0004-0004-0004-000000000004'), UUID_TO_BIN('33333333-3333-3333-3333-333333333333'), UUID_TO_BIN('cccc0001-0001-0001-0001-000000000001'), '✨', true, '2024-03-13 07:15:00', '2024-03-13 07:15:00'),
(UUID_TO_BIN('eeee0005-0005-0005-0005-000000000005'), UUID_TO_BIN('22222222-2222-2222-2222-222222222222'), UUID_TO_BIN('cccc0002-0002-0002-0002-000000000002'), '🖊️', true, '2024-03-13 07:20:00', '2024-03-13 07:20:00'),
(UUID_TO_BIN('eeee0006-0006-0006-0006-000000000006'), UUID_TO_BIN('33333333-3333-3333-3333-333333333333'), UUID_TO_BIN('cccc0002-0002-0002-0002-000000000002'), '🍊', true, '2024-03-13 07:25:00', '2024-03-13 07:25:00'),
(UUID_TO_BIN('eeee0007-0007-0007-0007-000000000007'), UUID_TO_BIN('22222222-2222-2222-2222-222222222222'), UUID_TO_BIN('cccc0003-0003-0003-0003-000000000003'), '🤝', true, '2024-03-13 07:30:00', '2024-03-13 07:30:00'),
(UUID_TO_BIN('eeee0008-0008-0008-0008-000000000008'), UUID_TO_BIN('22222222-2222-2222-2222-222222222222'), UUID_TO_BIN('cccc0004-0004-0004-0004-000000000004'), '🍑', true, '2024-03-13 11:30:00', '2024-03-13 11:30:00'),
(UUID_TO_BIN('eeee0009-0009-0009-0009-000000000009'), UUID_TO_BIN('33333333-3333-3333-3333-333333333333'), UUID_TO_BIN('cccc0004-0004-0004-0004-000000000004'), '💯', true, '2024-03-13 11:35:00', '2024-03-13 11:35:00'),
(UUID_TO_BIN('eeee0010-0010-0010-0010-000000000010'), UUID_TO_BIN('22222222-2222-2222-2222-222222222222'), UUID_TO_BIN('cccc0005-0005-0005-0005-000000000005'), '🤝', true, '2024-03-13 13:00:00', '2024-03-13 13:00:00'),
(UUID_TO_BIN('eeee0011-0011-0011-0011-000000000011'), UUID_TO_BIN('33333333-3333-3333-3333-333333333333'), UUID_TO_BIN('cccc0005-0005-0005-0005-000000000005'), '🔥', true, '2024-03-13 13:05:00', '2024-03-13 13:05:00'),
(UUID_TO_BIN('eeee0012-0012-0012-0012-000000000012'), UUID_TO_BIN('22222222-2222-2222-2222-222222222222'), UUID_TO_BIN('cccc0006-0006-0006-0006-000000000006'), '🔍', true, '2024-03-13 14:00:00', '2024-03-13 14:00:00'),
(UUID_TO_BIN('eeee0013-0013-0013-0013-000000000013'), UUID_TO_BIN('33333333-3333-3333-3333-333333333333'), UUID_TO_BIN('cccc0006-0006-0006-0006-000000000006'), '📊', true, '2024-03-13 14:05:00', '2024-03-13 14:05:00'),
(UUID_TO_BIN('eeee0014-0014-0014-0014-000000000014'), UUID_TO_BIN('22222222-2222-2222-2222-222222222222'), UUID_TO_BIN('cccc0007-0007-0007-0007-000000000007'), '💻', true, '2024-03-13 14:10:00', '2024-03-13 14:10:00');
