-- ==============================================
-- O(NlogN) v1 더미 데이터 (프로토타입 screen 기반)
-- ==============================================

-- ── users ──
INSERT INTO users (id, profile_slug, email, display_name, avatar_url, bio, timezone, github_id, created_at, updated_at) VALUES
('11111111-1111-1111-1111-111111111111', 'arivera_dev', 'alex@example.com', '알렉스 리베라', 'https://cdn.onlogn.com/avatars/alex.png', '크리에이터와 디지털 가드너를 위한 미니멀한 도구를 만듭니다. 복잡한 세상 속 단순함을 하나씩 큐레이션합니다.', 'Asia/Seoul', 'gh_alex_001', TIMESTAMP '2024-01-15 09:00:00', TIMESTAMP '2024-03-13 08:00:00'),
('22222222-2222-2222-2222-222222222222', 'jpark_dev', 'jpark@example.com', '박지현', 'https://cdn.onlogn.com/avatars/jpark.png', '풀스택 개발자. 커피와 코드를 좋아합니다.', 'Asia/Seoul', 'gh_jpark_002', TIMESTAMP '2024-02-01 10:00:00', TIMESTAMP '2024-03-13 08:00:00'),
('33333333-3333-3333-3333-333333333333', 'mkim_design', 'mkim@example.com', '김민수', NULL, NULL, 'UTC', 'gh_mkim_003', TIMESTAMP '2024-02-20 11:00:00', TIMESTAMP '2024-03-13 08:00:00');

-- ── groups (알렉스) ──
INSERT INTO "groups" (id, owner_user_id, visibility, description, color, icon, created_at, updated_at) VALUES
('aaaa0001-0001-0001-0001-000000000001', '11111111-1111-1111-1111-111111111111', 'public', 'MORNING TASKS', '#6ee7b7', 'sun', TIMESTAMP '2024-01-20 09:00:00', TIMESTAMP '2024-01-20 09:00:00'),
('aaaa0002-0002-0002-0002-000000000002', '11111111-1111-1111-1111-111111111111', 'public', 'WORK FOCUS', '#3b82f6', 'briefcase', TIMESTAMP '2024-01-20 09:05:00', TIMESTAMP '2024-01-20 09:05:00'),
('aaaa0003-0003-0003-0003-000000000003', '11111111-1111-1111-1111-111111111111', 'private', 'PERSONAL ERRANDS', '#f59e0b', 'cart', TIMESTAMP '2024-01-20 09:10:00', TIMESTAMP '2024-01-20 09:10:00');

-- ── groups (박지현) ──
INSERT INTO "groups" (id, owner_user_id, visibility, description, color, icon, created_at, updated_at) VALUES
('bbbb0001-0001-0001-0001-000000000001', '22222222-2222-2222-2222-222222222222', 'public', '개발', '#0ea5e9', 'code', TIMESTAMP '2024-02-05 10:00:00', TIMESTAMP '2024-02-05 10:00:00'),
('bbbb0002-0002-0002-0002-000000000002', '22222222-2222-2222-2222-222222222222', 'private', '개인', '#a78bfa', 'home', TIMESTAMP '2024-02-05 10:05:00', TIMESTAMP '2024-02-05 10:05:00');

-- ── tasks (알렉스 - MORNING TASKS, 3월 13일 기준) ──
INSERT INTO tasks (id, owner_user_id, group_id, title, status, visibility, created_at, updated_at, due_date, start_time, end_time) VALUES
('cccc0001-0001-0001-0001-000000000001', '11111111-1111-1111-1111-111111111111', 'aaaa0001-0001-0001-0001-000000000001', '모닝 요가 20분', 'done', 'public', TIMESTAMP '2024-03-13 06:00:00', TIMESTAMP '2024-03-13 06:25:00', DATE '2024-03-13', TIMESTAMP '2024-03-13 06:00:00', TIMESTAMP '2024-03-13 06:20:00'),
('cccc0002-0002-0002-0002-000000000002', '11111111-1111-1111-1111-111111111111', 'aaaa0001-0001-0001-0001-000000000001', '데일리 플래닝 & 메일 확인', 'done', 'public', TIMESTAMP '2024-03-13 06:30:00', TIMESTAMP '2024-03-13 07:00:00', DATE '2024-03-13', TIMESTAMP '2024-03-13 06:30:00', TIMESTAMP '2024-03-13 07:00:00'),
('cccc0003-0003-0003-0003-000000000003', '11111111-1111-1111-1111-111111111111', 'aaaa0001-0001-0001-0001-000000000001', '비타민 & 영양제 섭취', 'todo', 'public', TIMESTAMP '2024-03-13 07:00:00', TIMESTAMP '2024-03-13 07:00:00', DATE '2024-03-13', NULL, NULL);

-- ── tasks (알렉스 - WORK FOCUS, 3월 13일 기준) ──
INSERT INTO tasks (id, owner_user_id, group_id, title, status, visibility, created_at, updated_at, due_date, start_time, end_time) VALUES
('cccc0004-0004-0004-0004-000000000004', '11111111-1111-1111-1111-111111111111', 'aaaa0002-0002-0002-0002-000000000002', '프로토타입 피드백 반영', 'done', 'public', TIMESTAMP '2024-03-13 09:00:00', TIMESTAMP '2024-03-13 11:00:00', DATE '2024-03-13', TIMESTAMP '2024-03-13 09:00:00', TIMESTAMP '2024-03-13 11:00:00'),
('cccc0005-0005-0005-0005-000000000005', '11111111-1111-1111-1111-111111111111', 'aaaa0002-0002-0002-0002-000000000002', '팀 정기 주간 회의', 'todo', 'public', TIMESTAMP '2024-03-13 09:05:00', TIMESTAMP '2024-03-13 09:05:00', DATE '2024-03-13', TIMESTAMP '2024-03-13 14:00:00', TIMESTAMP '2024-03-13 15:00:00'),
('cccc0006-0006-0006-0006-000000000006', '11111111-1111-1111-1111-111111111111', 'aaaa0002-0002-0002-0002-000000000002', '시장 조사 자료 정리', 'todo', 'public', TIMESTAMP '2024-03-13 09:10:00', TIMESTAMP '2024-03-13 09:10:00', DATE '2024-03-13', NULL, NULL),
('cccc0007-0007-0007-0007-000000000007', '11111111-1111-1111-1111-111111111111', 'aaaa0002-0002-0002-0002-000000000002', '백엔드 API 연동 문서 검토', 'todo', 'public', TIMESTAMP '2024-03-13 09:15:00', TIMESTAMP '2024-03-13 09:15:00', DATE '2024-03-13', NULL, NULL),
('cccc0008-0008-0008-0008-000000000008', '11111111-1111-1111-1111-111111111111', 'aaaa0002-0002-0002-0002-000000000002', 'CI/CD 파이프라인 설정', 'in_progress', 'public', TIMESTAMP '2024-03-12 10:00:00', TIMESTAMP '2024-03-13 09:00:00', DATE '2024-03-14', NULL, NULL);

-- ── tasks (알렉스 - PERSONAL ERRANDS) ──
INSERT INTO tasks (id, owner_user_id, group_id, title, status, visibility, created_at, updated_at, due_date, start_time, end_time) VALUES
('cccc0009-0009-0009-0009-000000000009', '11111111-1111-1111-1111-111111111111', 'aaaa0003-0003-0003-0003-000000000003', '헬스장 확인 결제 연장', 'done', 'private', TIMESTAMP '2024-03-13 12:00:00', TIMESTAMP '2024-03-13 12:30:00', DATE '2024-03-13', NULL, NULL),
('cccc0010-0010-0010-0010-000000000010', '11111111-1111-1111-1111-111111111111', 'aaaa0003-0003-0003-0003-000000000003', '저녁 식사 식재료 구매 (방울토마토, 닭가슴살)', 'todo', 'private', TIMESTAMP '2024-03-13 12:05:00', TIMESTAMP '2024-03-13 12:05:00', DATE '2024-03-13', NULL, NULL);

-- ── tasks (알렉스 - 과거 날짜, 캘린더 히트맵용) ──
INSERT INTO tasks (id, owner_user_id, group_id, title, status, visibility, created_at, updated_at, due_date, start_time, end_time) VALUES
('cccc0011-0011-0011-0011-000000000011', '11111111-1111-1111-1111-111111111111', 'aaaa0002-0002-0002-0002-000000000002', '디자인 시스템 리뷰', 'done', 'public', TIMESTAMP '2024-03-11 09:00:00', TIMESTAMP '2024-03-11 11:00:00', DATE '2024-03-11', NULL, NULL),
('cccc0012-0012-0012-0012-000000000012', '11111111-1111-1111-1111-111111111111', 'aaaa0001-0001-0001-0001-000000000001', '조깅 30분', 'done', 'public', TIMESTAMP '2024-03-11 06:00:00', TIMESTAMP '2024-03-11 06:35:00', DATE '2024-03-11', NULL, NULL),
('cccc0013-0013-0013-0013-000000000013', '11111111-1111-1111-1111-111111111111', 'aaaa0002-0002-0002-0002-000000000002', 'API 스펙 초안 작성', 'done', 'public', TIMESTAMP '2024-03-12 09:00:00', TIMESTAMP '2024-03-12 12:00:00', DATE '2024-03-12', NULL, NULL),
('cccc0014-0014-0014-0014-000000000014', '11111111-1111-1111-1111-111111111111', 'aaaa0002-0002-0002-0002-000000000002', '프론트엔드 컴포넌트 구현', 'done', 'public', TIMESTAMP '2024-03-12 13:00:00', TIMESTAMP '2024-03-12 17:00:00', DATE '2024-03-12', NULL, NULL),
('cccc0015-0015-0015-0015-000000000015', '11111111-1111-1111-1111-111111111111', 'aaaa0001-0001-0001-0001-000000000001', '명상 10분', 'done', 'public', TIMESTAMP '2024-03-10 06:00:00', TIMESTAMP '2024-03-10 06:15:00', DATE '2024-03-10', NULL, NULL),
('cccc0016-0016-0016-0016-000000000016', '11111111-1111-1111-1111-111111111111', 'aaaa0002-0002-0002-0002-000000000002', '코드 리뷰', 'done', 'public', TIMESTAMP '2024-03-10 10:00:00', TIMESTAMP '2024-03-10 11:00:00', DATE '2024-03-10', NULL, NULL);

-- ── tasks (박지현) ──
INSERT INTO tasks (id, owner_user_id, group_id, title, status, visibility, created_at, updated_at, due_date, start_time, end_time) VALUES
('dddd0001-0001-0001-0001-000000000001', '22222222-2222-2222-2222-222222222222', 'bbbb0001-0001-0001-0001-000000000001', 'Spring Security 설정', 'done', 'public', TIMESTAMP '2024-03-12 09:00:00', TIMESTAMP '2024-03-12 11:00:00', DATE '2024-03-12', NULL, NULL),
('dddd0002-0002-0002-0002-000000000002', '22222222-2222-2222-2222-222222222222', 'bbbb0001-0001-0001-0001-000000000001', 'JWT 인증 구현', 'in_progress', 'public', TIMESTAMP '2024-03-13 09:00:00', TIMESTAMP '2024-03-13 09:00:00', DATE '2024-03-13', NULL, NULL),
('dddd0003-0003-0003-0003-000000000003', '22222222-2222-2222-2222-222222222222', 'bbbb0002-0002-0002-0002-000000000002', '서점 방문', 'todo', 'private', TIMESTAMP '2024-03-13 10:00:00', TIMESTAMP '2024-03-13 10:00:00', DATE '2024-03-14', NULL, NULL);

-- ── task_tags ──
INSERT INTO task_tags (task_id, tag) VALUES
('cccc0001-0001-0001-0001-000000000001', 'HEALTH'),
('cccc0002-0002-0002-0002-000000000002', 'ROUTINE'),
('cccc0003-0003-0003-0003-000000000003', 'HEALTH'),
('cccc0004-0004-0004-0004-000000000004', 'DESIGN'),
('cccc0005-0005-0005-0005-000000000005', 'MEETING'),
('cccc0006-0006-0006-0006-000000000006', 'RESEARCH'),
('cccc0007-0007-0007-0007-000000000007', 'DEV'),
('cccc0008-0008-0008-0008-000000000008', 'DEV'),
('cccc0009-0009-0009-0009-000000000009', 'ADMIN'),
('cccc0010-0010-0010-0010-000000000010', 'SHOPPING'),
('dddd0001-0001-0001-0001-000000000001', 'DEV'),
('dddd0002-0002-0002-0002-000000000002', 'DEV');

-- ── task_reference_links ──
INSERT INTO task_reference_links (task_id, link) VALUES
('cccc0005-0005-0005-0005-000000000005', 'https://zoom.us/j/123456789'),
('cccc0006-0006-0006-0006-000000000006', 'https://docs.google.com/research-v3');

-- ── reactions (public task에만) ──
INSERT INTO reactions (id, user_id, task_id, emoji, active, created_at, updated_at) VALUES
('eeee0001-0001-0001-0001-000000000001', '22222222-2222-2222-2222-222222222222', 'cccc0001-0001-0001-0001-000000000001', '🧑', true, TIMESTAMP '2024-03-13 07:00:00', TIMESTAMP '2024-03-13 07:00:00'),
('eeee0002-0002-0002-0002-000000000002', '33333333-3333-3333-3333-333333333333', 'cccc0001-0001-0001-0001-000000000001', '🧑', true, TIMESTAMP '2024-03-13 07:05:00', TIMESTAMP '2024-03-13 07:05:00'),
('eeee0003-0003-0003-0003-000000000003', '22222222-2222-2222-2222-222222222222', 'cccc0001-0001-0001-0001-000000000001', '✨', true, TIMESTAMP '2024-03-13 07:10:00', TIMESTAMP '2024-03-13 07:10:00'),
('eeee0004-0004-0004-0004-000000000004', '33333333-3333-3333-3333-333333333333', 'cccc0001-0001-0001-0001-000000000001', '✨', true, TIMESTAMP '2024-03-13 07:15:00', TIMESTAMP '2024-03-13 07:15:00'),
('eeee0005-0005-0005-0005-000000000005', '22222222-2222-2222-2222-222222222222', 'cccc0002-0002-0002-0002-000000000002', '🖊️', true, TIMESTAMP '2024-03-13 07:20:00', TIMESTAMP '2024-03-13 07:20:00'),
('eeee0006-0006-0006-0006-000000000006', '33333333-3333-3333-3333-333333333333', 'cccc0002-0002-0002-0002-000000000002', '🍊', true, TIMESTAMP '2024-03-13 07:25:00', TIMESTAMP '2024-03-13 07:25:00'),
('eeee0007-0007-0007-0007-000000000007', '22222222-2222-2222-2222-222222222222', 'cccc0003-0003-0003-0003-000000000003', '🤝', true, TIMESTAMP '2024-03-13 07:30:00', TIMESTAMP '2024-03-13 07:30:00'),
('eeee0008-0008-0008-0008-000000000008', '22222222-2222-2222-2222-222222222222', 'cccc0004-0004-0004-0004-000000000004', '🍑', true, TIMESTAMP '2024-03-13 11:30:00', TIMESTAMP '2024-03-13 11:30:00'),
('eeee0009-0009-0009-0009-000000000009', '33333333-3333-3333-3333-333333333333', 'cccc0004-0004-0004-0004-000000000004', '💯', true, TIMESTAMP '2024-03-13 11:35:00', TIMESTAMP '2024-03-13 11:35:00'),
('eeee0010-0010-0010-0010-000000000010', '22222222-2222-2222-2222-222222222222', 'cccc0005-0005-0005-0005-000000000005', '🤝', true, TIMESTAMP '2024-03-13 13:00:00', TIMESTAMP '2024-03-13 13:00:00'),
('eeee0011-0011-0011-0011-000000000011', '33333333-3333-3333-3333-333333333333', 'cccc0005-0005-0005-0005-000000000005', '🔥', true, TIMESTAMP '2024-03-13 13:05:00', TIMESTAMP '2024-03-13 13:05:00'),
('eeee0012-0012-0012-0012-000000000012', '22222222-2222-2222-2222-222222222222', 'cccc0006-0006-0006-0006-000000000006', '🔍', true, TIMESTAMP '2024-03-13 14:00:00', TIMESTAMP '2024-03-13 14:00:00'),
('eeee0013-0013-0013-0013-000000000013', '33333333-3333-3333-3333-333333333333', 'cccc0006-0006-0006-0006-000000000006', '📊', true, TIMESTAMP '2024-03-13 14:05:00', TIMESTAMP '2024-03-13 14:05:00'),
('eeee0014-0014-0014-0014-000000000014', '22222222-2222-2222-2222-222222222222', 'cccc0007-0007-0007-0007-000000000007', '💻', true, TIMESTAMP '2024-03-13 14:10:00', TIMESTAMP '2024-03-13 14:10:00');
